L3	CÂY CẢNH ĐỦ LOẠI	CÂY PHONG THỦY	CÂY BÌNH AN
L3	CÂY CẢNH ĐỦ LOẠI	CÂY PHONG THỦY	CÂY BONSAI
L3	CÂY CẢNH ĐỦ LOẠI	CÂY PHONG THỦY	CÂY CẢNH TREO
L3	CÂY CẢNH ĐỦ LOẠI	CÂY PHONG THỦY	CÂY CAU TIỂU TRÂM
L3	CÂY CẢNH ĐỦ LOẠI	CÂY PHONG THỦY	CÂY DƯƠNG XỈ
L3	CÂY CẢNH ĐỦ LOẠI	CÂY PHONG THỦY	CÂY ĐUÔI CÔNG
L3	CÂY CẢNH ĐỦ LOẠI	CÂY PHONG THỦY	CÂY HẠNH PHÚC
L3	CÂY CẢNH ĐỦ LOẠI	CÂY PHONG THỦY	CÂY HỌ TÙNG
L3	CÂY CẢNH ĐỦ LOẠI	CÂY PHONG THỦY	CÂY HỒNG MÔN
L3	CÂY CẢNH ĐỦ LOẠI	CÂY PHONG THỦY	CÂY KIM GIAO
L3	CÂY CẢNH ĐỦ LOẠI	CÂY PHONG THỦY	CÂY KIM NGÂN
L3	CÂY CẢNH ĐỦ LOẠI	CÂY PHONG THỦY	CÂY KIM NGÂN LƯỢNG
L3	CÂY CẢNH ĐỦ LOẠI	CÂY PHONG THỦY	CÂY KIM TIỀN
L3	CÂY CẢNH ĐỦ LOẠI	CÂY PHONG THỦY	CÂY LAN Ý
L3	CÂY CẢNH ĐỦ LOẠI	CÂY PHONG THỦY	CÂY LƯỠI HỔ
L3	CÂY CẢNH ĐỦ LOẠI	CÂY PHONG THỦY	CÂY NGỌC NGÂN
L3	CÂY CẢNH ĐỦ LOẠI	CÂY PHONG THỦY	CÂY NGŨ GIA BÌ
L3	CÂY CẢNH ĐỦ LOẠI	CÂY PHONG THỦY	CÂY PHONG THỦY NHIỀU LOẠI
L3	CÂY CẢNH ĐỦ LOẠI	CÂY PHONG THỦY	CÂY TRẦU BÀ
L3	CÂY CẢNH ĐỦ LOẠI	CÂY PHONG THỦY	CÂY TRÚC PHÁT TÀI
L3	CÂY CẢNH ĐỦ LOẠI	CÂY PHONG THỦY	CÂY TRƯỜNG SINH
L3	CÂY CẢNH ĐỦ LOẠI	CÂY PHONG THỦY	CÂY VẠN LỘC
L3	CÂY CẢNH ĐỦ LOẠI	CÂY PHONG THỦY	ĐẾ VƯƠNG KIM CƯƠNG
L3	CÂY CẢNH ĐỦ LOẠI	CÂY PHONG THỦY	LAN HỒ ĐIỆP
L3	CÂY CẢNH ĐỦ LOẠI	CÂY THÀNH PHẨM SALE	CÂY THÀNH PHẨM SALE DƯỚI 100K
L3	CÂY CẢNH ĐỦ LOẠI	CÂY THÀNH PHẨM SALE	CÂY THÀNH PHẨM SALE ĐỒNG GIÁ 170K
L3	CÂY CẢNH ĐỦ LOẠI	CÂY THÀNH PHẨM SALE	CÂY THÀNH PHẨM SALE ĐỒNG GIÁ 330K
L3	CÂY CẢNH ĐỦ LOẠI	CÂY THÀNH PHẨM SALE	CÂY THÀNH PHẨM SALE ĐỒNG GIÁ 450K MUA LỚN TẶNG NHỎ
L3	CÂY CẢNH ĐỦ LOẠI	CÂY THÀNH PHẨM SALE	CÂY THÀNH PHẨM SALE TRÊN 500K
L3	CÂY CẢNH ĐỦ LOẠI	CÂY THÀNH PHẨM SALE	CÂY THÀNH PHẨM SALE-2TR>
L3	CÂY CẢNH ĐỦ LOẠI	CÂY THÀNH PHẨM SALE	CÂY THÀNH PHẨM SALE-60K>150K-
L3	CÂY CẢNH ĐỦ LOẠI	CÂY THÀNH PHẨM SALE	CÂY THÀNH PHẨM SALE-800K-1TR2-
L3	CÂY CẢNH ĐỦ LOẠI	CÂY THÀNH PHẨM TRỒNG SẴN	CÂY THÀNH PHẨM CHO NỮ
L3	CÂY CẢNH ĐỦ LOẠI	CÂY THÀNH PHẨM TRỒNG SẴN	CÂY THÀNH PHẨM TRÊN 500K - 800K
L3	CÂY CẢNH ĐỦ LOẠI	CÂY THÀNH PHẨM TRỒNG SẴN	CÂY TRỒNG THỦY SINH
L3	CÂY CẢNH ĐỦ LOẠI	CÂY THÀNH PHẨM TRỒNG SẴN	THÀNH PHẨM TERRARIUM
L3	CÂY CẢNH ĐỦ LOẠI	CÂY THÀNH PHẨM TRỒNG SẴN	THÀNH PHẨM GIÁNG SINH
L3	CÂY CẢNH ĐỦ LOẠI	CÂY THÀNH PHẨM TRỒNG SẴN	CÂY THÀNH PHẨM DƯỚI 150K
L3	CÂY CẢNH ĐỦ LOẠI	CÂY THÀNH PHẨM TRỒNG SẴN	CÂY THÀNH PHẨM TRÊN 150K - DƯỚI 300K
L3	CÂY CẢNH ĐỦ LOẠI	CÂY THÀNH PHẨM TRỒNG SẴN	CÂY THÀNH PHẨM TRÊN 300K - DƯỚI 500K
L3	CÂY CẢNH ĐỦ LOẠI	CÂY THÀNH PHẨM TRỒNG SẴN	CÂY THÀNH PHẨM TRÊN 800K - DƯỚI 2000K
L2LEAF	CÂY CẢNH ĐỦ LOẠI	SEN ĐÁ
L2LEAF	CÂY CẢNH ĐỦ LOẠI	XƯƠNG RỒNG
L2LEAF	CHẬU TRỒNG CÂY	CHẬU BONSAI
L2LEAF	CHẬU TRỒNG CÂY	CHẬU CÓ ĐĨA
L3	CHẬU TRỒNG CÂY	CHẬU THỦY SINH	CHẬU NHỰA THỦY SINH
L3	CHẬU TRỒNG CÂY	CHẬU THỦY SINH	CHẬU THỦY TINH
L3	CHẬU TRỒNG CÂY	CHẬU COMBO THEO BỘ	CHẬU COMBO BÁT TRÀNG TRƠN
L3	CHẬU TRỒNG CÂY	CHẬU COMBO THEO BỘ	CHẬU COMBO CÓ HÌNH
L3	CHẬU TRỒNG CÂY	CHẬU COMBO THEO BỘ	CHẬU COMBO DECAL
L3	CHẬU TRỒNG CÂY	CHẬU COMBO THEO BỘ	CHẬU COMBO THEO BỘ CÓ ĐĨA
L3	CHẬU TRỒNG CÂY	CHẬU COMBO THEO BỘ	CHẬU COMBO THEO BỘ MEN
L3	CHẬU TRỒNG CÂY	CHẬU COMBO THEO BỘ	CHẬU COMBO THEO SET
L3	CHẬU TRỒNG CÂY	CHẬU COMBO THEO BỘ	CHẬU ĐẤT NUNG COMBO BỘ
L3	CHẬU TRỒNG CÂY	CHẬU NHẬP	CHẬU GỐM HOA NỔI 3D.
L3	CHẬU TRỒNG CÂY	CHẬU NHẬP	CHẬU GỐM
L3	CHẬU TRỒNG CÂY	CHẬU NHẬP	CHẬU GỐM THÚ
L3	CHẬU TRỒNG CÂY	CHẬU BÁT TRÀNG	CHẬU CÓ HÌNH
L3	CHẬU TRỒNG CÂY	CHẬU BÁT TRÀNG	CHẬU DECAL
L3	CHẬU TRỒNG CÂY	CHẬU BÁT TRÀNG	CHẬU MINI TRƠN
L3	CHẬU TRỒNG CÂY	CHẬU BÁT TRÀNG	MEN BÓNG
L3	CHẬU TRỒNG CÂY	CHẬU BÁT TRÀNG	CHẬU MEN HỎA BIẾN
L3	CHẬU TRỒNG CÂY	CHẬU BÁT TRÀNG	CHẬU TRƠN BÁT TRÀNG
L2LEAF	CHẬU TRỒNG CÂY	CHẬU MEN
L3	CHẬU TRỒNG CÂY	SẢN PHẨM ĐẤT NUNG ĐỦ LOẠI	ĐẤT NUNG 2 MÀU
L3	CHẬU TRỒNG CÂY	SẢN PHẨM ĐẤT NUNG ĐỦ LOẠI	ĐẤT NUNG ĐỎ
L3	CHẬU TRỒNG CÂY	SẢN PHẨM ĐẤT NUNG ĐỦ LOẠI	ĐẤT NUNG TRẮNG
L3	CHẬU TRỒNG CÂY	CHẬU COMPOSITE CAO CẤP	CHẬU NGƯỜI COMPOSIT SIZE NHỎ
L3	CHẬU TRỒNG CÂY	CHẬU COMPOSITE CAO CẤP	CHẬU THÚ COMPOSIT SIZE TRUNG
L3	CHẬU TRỒNG CÂY	CHẬU COMPOSITE CAO CẤP	CHẬU NGƯỜI COMPOSITE SIZE LỚN
L3	CHẬU TRỒNG CÂY	CHẬU COMPOSITE CAO CẤP	CHÂU THÚ COMPOSIT SIZE LỚN
L3	CHẬU TRỒNG CÂY	CHẬU COMPOSITE CAO CẤP	CHẬU THÚ COMPOSIT SIZE NHỎ
L3	CHẬU TRỒNG CÂY	CHẬU COMPOSITE CAO CẤP	CHẬU TIỂU CẢNH COMPOSITE
L3	CHẬU TRỒNG CÂY	CHẬU NHỰA	KHAY
L3	ĐẤT ĐÁ GIÁ THỂ DINH DƯỠNG TRỒNG CÂY	ĐẤT TRỒNG CÂY CÁC LOẠI	ĐẤT TRỒNG CÂY
L3	ĐẤT ĐÁ GIÁ THỂ DINH DƯỠNG TRỒNG CÂY	ĐẤT TRỒNG CÂY CÁC LOẠI	ĐẤT TRỒNG CÂY BONSAI
L3	ĐẤT ĐÁ GIÁ THỂ DINH DƯỠNG TRỒNG CÂY	ĐẤT TRỒNG CÂY CÁC LOẠI	ĐẤT TRỒNG CÂY CẢNH
L3	ĐẤT ĐÁ GIÁ THỂ DINH DƯỠNG TRỒNG CÂY	ĐẤT TRỒNG CÂY CÁC LOẠI	ĐẤT TRỒNG CÂY CẢNH. (XÓA)
L3	ĐẤT ĐÁ GIÁ THỂ DINH DƯỠNG TRỒNG CÂY	ĐẤT TRỒNG CÂY CÁC LOẠI	ĐẤT TRỒNG SEN ĐÁ XƯƠNG RỒNG
L3	ĐẤT ĐÁ GIÁ THỂ DINH DƯỠNG TRỒNG CÂY	GIÁ THỂ TRỒNG CÂY	ĐÁ MASATO LÊN MÀU SEN ĐÁ
L3	ĐẤT ĐÁ GIÁ THỂ DINH DƯỠNG TRỒNG CÂY	GIÁ THỂ TRỒNG CÂY	ĐÁ NHAM THẠCH ĐEN
L3	ĐẤT ĐÁ GIÁ THỂ DINH DƯỠNG TRỒNG CÂY	GIÁ THỂ TRỒNG CÂY	ĐÁ NHẠM THẠCH ĐỎ
L3	ĐẤT ĐÁ GIÁ THỂ DINH DƯỠNG TRỒNG CÂY	GIÁ THỂ TRỒNG CÂY	ĐÁ ZEOLITE
L2LEAF	ĐẤT ĐÁ GIÁ THỂ DINH DƯỠNG TRỒNG CÂY	HẠT ĐẤT NUNG TRỒNG CÂY
L3	ĐẤT ĐÁ GIÁ THỂ DINH DƯỠNG TRỒNG CÂY	SỎI ĐÁ TRANG TRÍ	ĐÁ TRANG TRÍ
L3	ĐẤT ĐÁ GIÁ THỂ DINH DƯỠNG TRỒNG CÂY	SỎI ĐÁ TRANG TRÍ	SỎI MÀU HỒNG
L3	ĐẤT ĐÁ GIÁ THỂ DINH DƯỠNG TRỒNG CÂY	SỎI ĐÁ TRANG TRÍ	SỎI MÀU TRẮNG
L3	ĐẤT ĐÁ GIÁ THỂ DINH DƯỠNG TRỒNG CÂY	SỎI ĐÁ TRANG TRÍ	SỎI MÀU VÀNG
L3	ĐẤT ĐÁ GIÁ THỂ DINH DƯỠNG TRỒNG CÂY	SỎI ĐÁ TRANG TRÍ	SỎI MIX 4 MÀU
L2LEAF	ĐẤT ĐÁ GIÁ THỂ DINH DƯỠNG TRỒNG CÂY	THUỐC VÀ DINH DƯỠNG CHO CÂY
L2LEAF	PHỤ KIỆN TRANG TRÍ	PHỤ KIỆN BANNER CHỮ TRANG TRÍ
L2LEAF	PHỤ KIỆN TRANG TRÍ	TÚI NHỰA TRONG SUỐT
L3	PHỤ KIỆN TRANG TRÍ	PHỤ KIỆN TIỂU CẢNH	CẢNH VẬT TRANG TRÍ
L3	PHỤ KIỆN TRANG TRÍ	PHỤ KIỆN TIỂU CẢNH	HÌNH NGƯỜI TRANG TRÍ
L3	PHỤ KIỆN TRANG TRÍ	PHỤ KIỆN TIỂU CẢNH	HÌNH THÚ TRANG TRÍ
L3	PHỤ KIỆN TRANG TRÍ	PHỤ KIỆN TIỂU CẢNH	TƯỢNG CHÚ TIỂU TRANG TRÍ
L3	PHỤ KIỆN TRANG TRÍ	PHỤ KIỆN TIỂU CẢNH	TƯỢNG PHẬT TRANG TRÍ
L3	ĐĨA LÓT CHẬU	ĐĨA ĐẤT NUNG LÓT CHẬU	ĐĨA ĐẤT NUNG ĐỎ
L3	ĐĨA LÓT CHẬU	ĐĨA ĐẤT NUNG LÓT CHẬU	ĐĨA ĐẤT NUNG TRẮNG
L2LEAF	ĐĨA LÓT CHẬU	ĐĨA MEN LÓT CHẬU
L2LEAF	ĐĨA LÓT CHẬU	ĐĨA NHỰA LÓT CHẬU
L2LEAF	DỤNG CỤ TRỒNG CÂY	BÌNH TƯỚI CÂY
L2LEAF	TÚI VÀ HỘP ĐỂ SẢN PHẨM	HÔP TRONG SUỐT
L2LEAF	TÚI VÀ HỘP ĐỂ SẢN PHẨM	TÚI GIẤY CỬA KÍNH
L2LEAF	VẬT TƯ VÀ THIẾT BỊ	HỘP GIẤY
L2LEAF	VẬT TƯ VÀ THIẾT BỊ	THIẾT BỊ VẬT DỤNG
L2LEAF	VẬT TƯ VÀ THIẾT BỊ	THIẾT BỊ VP
L2LEAF	VẬT TƯ VÀ THIẾT BỊ	TEM IN HÌNH LÊN CHẬU
L3	VẬT TƯ VÀ THIẾT BỊ	SP ĐANG CẬP NHẬT.	COMBO LIÊN KẾT SHOPPE
L3	VẬT TƯ VÀ THIẾT BỊ	SP ĐANG CẬP NHẬT.	CÂY VÔ CHẬU SẴN XÓA
L3	VẬT TƯ VÀ THIẾT BỊ	PHÍ DỊCH VỤ	SHOPPE
L2LEAF	VẬT TƯ VÀ THIẾT BỊ	SP BỎ - TK GIÁ XÓA
